{
  "aws_top1": {
    "macro_precision": 0.848,
    "macro_weighted_recall": 0.20027084247850296,
    "macro_weighted_f1": 0.2987442977593258,
    "num_prompts": 500.0
  },
  "by_k": {
    "1": {
      "raw": {
        "macro_precision": 0.754,
        "macro_weighted_recall": 0.13870606214417716,
        "macro_weighted_f1": 0.21169401087396625,
        "num_prompts": 500.0
      },
      "reranked": {
        "macro_precision": 0.848,
        "macro_weighted_recall": 0.20027084247850296,
        "macro_weighted_f1": 0.2987442977593258,
        "num_prompts": 500.0
      },
      "gold_topk_oracle": {
        "macro_precision": 1.0,
        "macro_weighted_recall": 0.27540638658037797,
        "macro_weighted_f1": 0.40838591698640164,
        "macro_count_coverage": 0.041615120380598614,
        "num_prompts": 500.0
      },
      "delta": {
        "macro_precision": 0.09399999999999997,
        "macro_weighted_recall": 0.0615647803343258,
        "macro_weighted_f1": 0.08705028688535957
      }
    },
    "2": {
      "raw": {
        "macro_precision": 0.676,
        "macro_weighted_recall": 0.2106398864338158,
        "macro_weighted_f1": 0.2883723045967066,
        "num_prompts": 500.0
      },
      "reranked": {
        "macro_precision": 0.772,
        "macro_weighted_recall": 0.27627647636845254,
        "macro_weighted_f1": 0.37196638620786865,
        "num_prompts": 500.0
      },
      "gold_topk_oracle": {
        "macro_precision": 1.0,
        "macro_weighted_recall": 0.40309169276796997,
        "macro_weighted_f1": 0.5448277599386583,
        "macro_count_coverage": 0.08323024076119723,
        "num_prompts": 500.0
      },
      "delta": {
        "macro_precision": 0.09599999999999997,
        "macro_weighted_recall": 0.06563658993463675,
        "macro_weighted_f1": 0.08359408161116205
      }
    },
    "3": {
      "raw": {
        "macro_precision": 0.6240000000000004,
        "macro_weighted_recall": 0.2544556315797716,
        "macro_weighted_f1": 0.3246134097828322,
        "num_prompts": 500.0
      },
      "reranked": {
        "macro_precision": 0.7060000000000002,
        "macro_weighted_recall": 0.3172195641608211,
        "macro_weighted_f1": 0.4000136098858329,
        "num_prompts": 500.0
      },
      "gold_topk_oracle": {
        "macro_precision": 1.0,
        "macro_weighted_recall": 0.4780663928748083,
        "macro_weighted_f1": 0.6157636887485641,
        "macro_count_coverage": 0.1248453611417955,
        "num_prompts": 500.0
      },
      "delta": {
        "macro_precision": 0.08199999999999974,
        "macro_weighted_recall": 0.06276393258104951,
        "macro_weighted_f1": 0.07540020010300069
      }
    },
    "5": {
      "raw": {
        "macro_precision": 0.5460000000000007,
        "macro_weighted_recall": 0.3202681192713873,
        "macro_weighted_f1": 0.36082346288712647,
        "num_prompts": 500.0
      },
      "reranked": {
        "macro_precision": 0.6024000000000009,
        "macro_weighted_recall": 0.3710375396303122,
        "macro_weighted_f1": 0.41703394513197667,
        "num_prompts": 500.0
      },
      "gold_topk_oracle": {
        "macro_precision": 1.0,
        "macro_weighted_recall": 0.5682474089749139,
        "macro_weighted_f1": 0.6938933042824257,
        "macro_count_coverage": 0.20807560190299246,
        "num_prompts": 500.0
      },
      "delta": {
        "macro_precision": 0.05640000000000023,
        "macro_weighted_recall": 0.0507694203589249,
        "macro_weighted_f1": 0.0562104822448502
      }
    },
    "10": {
      "raw": {
        "macro_precision": 0.4183999999999999,
        "macro_weighted_recall": 0.3873304663548356,
        "macro_weighted_f1": 0.35916234836076394,
        "num_prompts": 500.0
      },
      "reranked": {
        "macro_precision": 0.4546000000000003,
        "macro_weighted_recall": 0.43687938079609173,
        "macro_weighted_f1": 0.4025674381591057,
        "num_prompts": 500.0
      },
      "gold_topk_oracle": {
        "macro_precision": 1.0,
        "macro_weighted_recall": 0.6857747991160982,
        "macro_weighted_f1": 0.7847657202030232,
        "macro_count_coverage": 0.40321469586947695,
        "num_prompts": 500.0
      },
      "delta": {
        "macro_precision": 0.0362000000000004,
        "macro_weighted_recall": 0.04954891444125614,
        "macro_weighted_f1": 0.043405089798341734
      }
    },
    "20": {
      "raw": {
        "macro_precision": 0.3013788269693842,
        "macro_weighted_recall": 0.4642061561480298,
        "macro_weighted_f1": 0.32581392562049677,
        "num_prompts": 500.0
      },
      "reranked": {
        "macro_precision": 0.3078378912968695,
        "macro_weighted_recall": 0.4876681517131966,
        "macro_weighted_f1": 0.34020813847051923,
        "num_prompts": 500.0
      },
      "gold_topk_oracle": {
        "macro_precision": 1.0,
        "macro_weighted_recall": 0.7853212818823461,
        "macro_weighted_f1": 0.8570259850955567,
        "macro_count_coverage": 0.6161516467800947,
        "num_prompts": 500.0
      },
      "delta": {
        "macro_precision": 0.006459064327485331,
        "macro_weighted_recall": 0.023461995565166816,
        "macro_weighted_f1": 0.014394212850022459
      }
    }
  },
  "top1_vs_aws": {
    "raw_top1_minus_aws_f1": -0.08705028688535957,
    "rerank_top1_minus_aws_f1": 0.0
  }
}